{"cameraMode":{"drawMode":0,"name":"Shaded","section":"Shading Mode"},"sceneLighting":true,"audioPlay":false,"sceneViewState":{"showFog":false,"showMaterialUpdate":false,"showSkybox":false,"showFlares":false,"showImageEffects":false,"showParticleSystems":false},"in2DMode":false,"pivot":{"x":311.77496337890627,"y":116.15647888183594,"z":239.875},"rotation":{"x":-0.012036293745040894,"y":0.9387524127960205,"z":0.03296161815524101,"w":0.342801034450531},"size":478.639404296875,"orthographic":false}