{"cameraMode":{"drawMode":0,"name":"Shaded","section":"Shading Mode"},"sceneLighting":true,"audioPlay":false,"sceneViewState":{"showFog":false,"showMaterialUpdate":false,"showSkybox":false,"showFlares":false,"showImageEffects":false,"showParticleSystems":false},"in2DMode":false,"pivot":{"x":71.07085418701172,"y":82.26170349121094,"z":316.20806884765627},"rotation":{"x":0.11180934309959412,"y":0.7596156597137451,"z":-0.13563859462738038,"w":0.6261668801307678},"size":9.829259872436524,"orthographic":false}