{"cameraMode":{"drawMode":0,"name":"Shaded","section":"Shading Mode"},"sceneLighting":true,"audioPlay":false,"sceneViewState":{"showFog":false,"showMaterialUpdate":false,"showSkybox":false,"showFlares":false,"showImageEffects":false,"showParticleSystems":false},"in2DMode":false,"pivot":{"x":164.53915405273438,"y":64.03741455078125,"z":327.6971740722656},"rotation":{"x":0.11180934309959412,"y":0.7596156597137451,"z":-0.13563859462738038,"w":0.6261668801307678},"size":103.96228790283203,"orthographic":false}