{"cameraMode":{"drawMode":0,"name":"Shaded","section":"Shading Mode"},"sceneLighting":true,"audioPlay":false,"sceneViewState":{"showFog":false,"showMaterialUpdate":false,"showSkybox":false,"showFlares":false,"showImageEffects":false,"showParticleSystems":false},"in2DMode":false,"pivot":{"x":101.7300033569336,"y":25.010000228881837,"z":275.989990234375},"rotation":{"x":-0.18784378468990327,"y":-0.6939651966094971,"z":0.19542783498764039,"w":-0.6670344471931458},"size":18.048585891723634,"orthographic":false}