{"cameraMode":{"drawMode":0,"name":"Shaded","section":"Shading Mode"},"sceneLighting":true,"audioPlay":false,"sceneViewState":{"showFog":false,"showMaterialUpdate":false,"showSkybox":false,"showFlares":false,"showImageEffects":false,"showParticleSystems":false},"in2DMode":false,"pivot":{"x":31.06932258605957,"y":0.4697418212890625,"z":25.40522575378418},"rotation":{"x":0.08839544653892517,"y":0.8983662724494934,"z":-0.21214641630649568,"w":0.37432366609573367},"size":84.69536590576172,"orthographic":false}